действие;группа;адрес;что это скорее всего;видели в поле;твоя догадка
AppearJumpAttackWait;attack;0x11A05D4;подготовка прыжковой атаки при появлении;—;
Assassin;attack;0x11A2794;подкрадная / коварная атака (со спины?) — догадка по имени;—;
AtckPutWeapon;attack;0x11A0A9C;убрал оружие после атаки — видели;да;
BallistaFire;attack;0x11A298C;выстрел из баллисты — гоблины у баллисты;—;
ChargeCommand;attack;0x11A1474;разбег-наскок по команде — видели в логе — «команда на рывок»;да;
ChargeKick;attack;0x11A14BC;удар с разбега;—;
DwnAtKick;attack;0x11A1AA4;пинок лежачего — добивание упавшей пешки;—;
DwnAtTrample;attack;0x11A1AEC;затоптать лежачего — добивание;—;
DwnAtTrampleE;attack;0x11A1B34;затоптать лежачего, вариант E — добивание;—;
DwnAtTramplePl;attack;0x11A1B7C;затоптать лежачего (игрока) — добивание игрока, Pl = player?;—;
HagaijimeKick;attack;0x11A286C;пинок в захвате — добивание схваченной пешки;—;
JumpAttack;attack;0x11A1984;атака в прыжке — видели;да;
LAttackH;attack;0x11A193C;сильная атака, горизонтально — видели (H = horizontal);да;
LAttackV;attack;0x11A18F4;сильная атака, вертикально;—;
NAttack1;attack;0x11A178C;обычный удар палицей, раз — видели;да;
NAttack12;attack;0x11A1864;серия из двух ударов — видели — самая частая атака в логах;да;
NAttack123;attack;0x11A18AC;серия из трёх ударов;—;
NAttack2;attack;0x11A17D4;обычный удар палицей, два — видели;да;
NAttack3;attack;0x11A181C;обычный удар палицей, три;ранее;
SwMoveAttack;attack;0x11A1A14;удар в движении, с разворотом;—;
SwingAttack;attack;0x11A19CC;широкий замах палицей — видели;да;
ThrowOilcup;attack;0x11A1D2C;бросок горшка с маслом — видели в логах ранее;—;
ThrowPtrlBomb;attack;0x11A1D74;бросок бомбы (Ptrl = patrol?);—;
ThrowStone1;attack;0x11A1C9C;бросок камня, вариант 1;—;
ThrowStone2;attack;0x11A1CE4;бросок камня, вариант 2;—;
ThrustAttack;attack;0x11A1A5C;тычок / удар с выпадом;—;
TorchAtckWait;attack;0x11A235C;замах факелом, подготовка;—;
TorchAttack;attack;0x11A23EC;удар факелом;—;
TorchThrow;attack;0x11A2434;бросок факела — видели — от него горели;да;
WaitAtck;attack;0x11A0544;пауза ПОСЛЕ атаки — кандидат на «выдох» — видели: WaitAtck;да;
WaitAtckEnd;attack;0x11A058C;конец паузы после атаки — кандидат на «выдох»;—;
ChargeKicked;damage;0x11A1504;отброшен пинком;—;
DmgAir;damage;0x11A1DBC;подброшен в воздух — реакция на сильный удар;—;
DmgBlind;damage;0x11A20D4;ослеплён;—;
DmgBurn;damage;0x11A1E04;ГОРИТ — видели — от него погибают;да;
DmgBurnEnd;damage;0x11A1E4C;горение прекратилось — видели;да;
DmgCFall;damage;0x11A211C;падение лицом (C = collapse?) — падение;—;
DmgPiyori;damage;0x11A1F6C;«пийори» — ошарашен, в замешательстве — по имени: слабость/головокружение;—;
DmgPiyoriEnd;damage;0x11A1FB4;вышел из замешательства;—;
DmgPoison;damage;0x11A1FFC;отравлен — видели — от него погибают;да;
DmgPoisonWalk;damage;0x11A2044;идёт отравленным — видели;ранее;
DmgRestraint;damage;0x11A21F4;связан / удержан;—;
DmgSleep;damage;0x11A1EDC;спит;—;
DmgSleepEnd;damage;0x11A1F24;проснулся;—;
DmgStorm;damage;0x11A21AC;попал под вихрь / бурю;—;
DmgStumble;damage;0x11A2164;ОТШАТНУЛСЯ ОТ УДАРА — наш STUMBLE — реакция на попадание;—;
DeadBody;death;0x11A247C;мёртвое тело;ранее;
Die;death;0x11A223C;умирает;—;
DieBurn;death;0x11A1E94;погибает в огне;—;
DieIce;death;0x11A2284;погибает от льда;—;
DmgPoisonDie;death;0x11A208C;погибает от яда;—;
CSldBGrd;guard;0x11A262C;со щитом: удар щитом назад (B = back?);—;
CSldBGrdEnd;guard;0x11A26BC;конец удара щитом назад;—;
CSldBGrdHit;guard;0x11A2674;щит назад принял удар;—;
CSldBPress;guard;0x11A2704;со щитом: давит вперёд, нажим;—;
CSldBPressEnd;guard;0x11A274C;конец нажима щитом;—;
CSldBWalk;guard;0x11A2554;со щитом: идёт спиной;—;
CSldFWalk;guard;0x11A250C;со щитом: идёт лицом (F = forward);—;
CSldGrdHit;guard;0x11A25E4;щит принял удар;—;
CSldLRWalk;guard;0x11A259C;со щитом: шаги в сторону;—;
CSldWait;guard;0x11A24C4;со щитом: стоит — CSld = C Shield, щитовой набор;—;
Guard;guard;0x11A0B74;БЛОК — щитовой гоблин закрывается;—;
GuardFlick;guard;0x11A0C04;отмахивается от блока / сбрасывает;—;
GuardHit;guard;0x11A0BBC;блок принял удар;—;
JustGuardAfter;guard;0x11A1744;после точного блока (just guard) — парирование!;—;
BallistaTurn;move;0x11A29D4;разворот баллисты;—;
Dash;move;0x11A08A4;рывок — видели;ранее;
DashEnd;move;0x11A0934;конец рывка — видели;да;
DashTrace;move;0x11A08EC;рывок к цели — видели;да;
Jump;move;0x11A0AE4;прыжок;—;
JumpLand;move;0x11A0B2C;приземление — видели;да;
LRWalk;move;0x11A166C;шаги вбок (L/R);—;
LRWalkStop;move;0x11A16B4;остановка после шагов вбок;—;
Run;move;0x11A0784;бег — видели;ранее;
RunEnd;move;0x11A0814;остановился после бега — видели;ранее;
RunStumble;move;0x11A085C;споткнулся на бегу — наш TRIP — НЕ реакция на удар;да;
RunTrace;move;0x11A07CC;бежит к цели — видели;да;
Tumble;move;0x11A1354;кувырок / падение с перекатом — наш FALL — сбит с ног;ранее;
TumbleBack;move;0x11A139C;падение назад — сбит с ног;—;
TumbleRun;move;0x11A142C;падение на бегу — сбит с ног;—;
TumbleStand;move;0x11A13E4;встаёт после падения — видели;ранее;
Turn180;move;0x11A0A0C;разворот на 180° — видели;ранее;
Turn90;move;0x11A09C4;поворот на 90° — видели;ранее;
Walk;move;0x11A06AC;шаг — видели;да;
WalkEnd;move;0x11A073C;остановился после шага — видели;ранее;
WalkTrace;move;0x11A06F4;идёт к цели — видели — Trace = движение к цели;да;
BallistaReady;other;0x11A28FC;встал к баллисте;—;
BallistaReload;other;0x11A2944;перезаряжает баллисту;—;
CyclopsEat;other;0x11BC0AC;циклоп его ест — взаимодействие с крупным монстром;—;
DwnAtSteal;other;0x11A1BC4;обшаривает лежачего (крадёт?) — добивание/мародёрство;—;
EscapeStart;other;0x11A097C;"побежал прочь / спасается — flee; видели EscapeStart";ранее;
EvaBack;other;0x11A0C4C;уклонение назад — Eva = evade;—;
EvaLeft;other;0x11A0CDC;уклонение влево;—;
EvaRight;other;0x11A0C94;уклонение вправо;—;
FindFinger;other;0x11A1084;ковыряет в носу?! — серьёзно, так называется;—;
FingerLaugh;other;0x11A115C;хохочет, грозя пальцем — видели;да;
Flick;other;0x11A16FC;стряхивает / щёлкает;—;
Hagaijime;other;0x11A27DC;ЗАХВАТ пешки — видели — держит пешку;ранее;
HagaijimeRelease;other;0x11A2824;отпустил захват — видели;ранее;
HeartyLaugh;other;0x11A11A4;заливисто хохочет;—;
HightStart;other;0x11A103C;замахивается / берёт разгон — видели;да;
HydraCatch;other;0x11C5770;гидра его схватила;—;
HydraEatHit;other;0x11C57B8;гидра жуёт, попадание;—;
HydraEatPowerComp;other;0x11C5800;гидра жуёт, урон;—;
HydraEatSwallow;other;0x11C5848;гидра проглотила;—;
IgnoreLeader;other;0x11A0DB4;не подчинился вожаку;—;
Jitanda;other;0x11A127C;топчется / дрожит (нетерпение) — по имени;—;
LadderEnd;other;0x11A1624;слез с лестницы;—;
LadderStart;other;0x11A15DC;полез по лестнице;—;
Leap;other;0x11A154C;прыжок через препятствие;—;
LeapLand;other;0x11A1594;приземление прыжка;—;
Lie;other;0x11A0ED4;ЛЕЖИТ (притворяется мёртвым?) — видели в логах;ранее;
LieDirection;other;0x11A0F64;лежит, повёрнут;—;
LieEnd;other;0x11A0F1C;встал после лежания;—;
Proboke;other;0x11A11EC;дразнит, провоцирует;—;
PutWeapon;other;0x11A0A54;убрал оружие — видели;да;
Ragdoll;other;0x11A2A1C;тряпичная кукла (отброшен) — физика отбрасывания;—;
Scared;other;0x11A130C;испуган — видели;ранее;
SearchStone1;other;0x11A1C0C;ищет камень — подбирает для броска;—;
SearchStone2;other;0x11A1C54;ищет камень, вариант 2;—;
Sit;other;0x11A0DFC;сидит (отдыхает) — видели;да;
SitDirection;other;0x11A0E8C;сидит, повёрнут — видели;да;
SitEnd;other;0x11A0E44;встал;—;
SlopeFall;other;0x11A28B4;упал на склоне — наш TRIP — локомоция;—;
ion;other;0x11A04B4;обрезанное имя в каталоге (cEm0100Action) — служебная запись, не действие;—;
ArmUpHowl;taunt;0x11A1114;вскинул руки и воет;—;
HornReinforce;taunt;0x11A0D24;ГОРН: зов подкрепления — по вики — именно призыв;—;
HornTensionUp;taunt;0x11A0D6C;ГОРН: подъём напряжения — видели — трубит, пачка подтягивается;да;
JumpJoy;taunt;0x11A1234;прыгает от радости;—;
PartyDance;taunt;0x11A0FAC;ПЛЯШЕТ — видели — танцует в пачке;да;
PartyDanceEnd;taunt;0x11A0FF4;закончил плясать;—;
ThreatHowl;taunt;0x11A10CC;угрожающий вой;—;
TorchThreat;taunt;0x11A23A4;машет факелом, угрожает;—;
TorchWait;wait;0x11A22CC;стоит с факелом — видели;ранее;
TorchWaitC;wait;0x11A2314;стоит с факелом, вариант C;—;
Wait;wait;0x11A04FC;стоит — видели;да;
WaitCaution;wait;0x11A0664;стоит настороженно — видели;ранее;
WaitHight;wait;0x11A061C;стоит в стойке (готов к атаке?);—;
WaitLow;wait;0x11A12C4;стоит пригнувшись (готов к рывку?);—;
